{"cameraMode":{"drawMode":0,"name":"Shaded","section":"Shading Mode"},"sceneLighting":false,"audioPlay":false,"sceneViewState":{"m_AlwaysRefresh":false,"showFog":true,"showSkybox":false,"showFlares":true,"showImageEffects":true,"showParticleSystems":true,"showVisualEffectGraphs":true,"m_FxEnabled":true},"in2DMode":false,"pivot":{"x":-0.0010210275650024415,"y":0.5467450618743897,"z":0.06539952754974365},"rotation":{"x":-0.09116610884666443,"y":0.7898932695388794,"z":-0.12116553634405136,"w":-0.5943056344985962},"size":1.3852554559707642,"orthographic":false}