{"cameraMode":{"drawMode":0,"name":"Shaded","section":"Shading Mode"},"sceneLighting":true,"audioPlay":false,"sceneViewState":{"m_AlwaysRefresh":false,"showFog":true,"showSkybox":true,"showFlares":true,"showImageEffects":true,"showParticleSystems":true,"showVisualEffectGraphs":true,"m_FxEnabled":true},"in2DMode":false,"pivot":{"x":6.561821937561035,"y":2.540611743927002,"z":0.7504073977470398},"rotation":{"x":-0.026691455394029619,"y":-0.9395762085914612,"z":0.07482226938009262,"w":-0.33355841040611269},"size":13.608617782592774,"orthographic":false}