{"cameraMode":{"drawMode":0,"name":"Shaded","section":"Shading Mode"},"sceneLighting":false,"audioPlay":false,"sceneViewState":{"m_AlwaysRefresh":false,"showFog":true,"showSkybox":false,"showFlares":true,"showImageEffects":true,"showParticleSystems":true,"showVisualEffectGraphs":true,"m_FxEnabled":true},"in2DMode":false,"pivot":{"x":-0.0000013709068298339844,"y":0.5006101131439209,"z":-0.04729387164115906},"rotation":{"x":-0.04506105184555054,"y":-0.0772629976272583,"z":0.0035045116674154999,"w":-0.9960335493087769},"size":0.9912991523742676,"orthographic":false}