{"cameraMode":{"drawMode":0,"name":"Shaded","section":"Shading Mode"},"sceneLighting":false,"audioPlay":false,"sceneViewState":{"m_AlwaysRefresh":false,"showFog":true,"showSkybox":false,"showFlares":true,"showImageEffects":true,"showParticleSystems":true,"showVisualEffectGraphs":true,"m_FxEnabled":true},"in2DMode":false,"pivot":{"x":-1.4594438076019288,"y":0.5198779702186585,"z":0.9311853647232056},"rotation":{"x":-0.09116610884666443,"y":0.7898932695388794,"z":-0.12116553634405136,"w":-0.5943056344985962},"size":0.8660253882408142,"orthographic":false}